arm_id,lambda_key,lambda,seeds,P_mean,P_std,C_mean,C_std,R_mean,R_std
edgegnn_v2_full_mp,reward_qnorm_lam_01,0.1,[1],0.5311696713497817,0.0,0.38638876437802205,0.0,0.49253079491197943,0.0
edgegnn_v2_full_mp,reward_qnorm_lam_05,0.5,[1],0.4118880756384085,0.0,0.09447818093794622,0.0,0.3646489851694354,0.0
edgegnn_v2_full_mp,reward_qnorm_lam_09,0.9,[1],0.36899845948642934,0.0,0.05297318564762538,0.0,0.3213225924035665,0.0
edgegnn_v2_self_only,reward_qnorm_lam_01,0.1,[1],0.5347496367190495,0.0,0.39916695801402663,0.0,0.49483294091764685,0.0
edgegnn_v2_self_only,reward_qnorm_lam_05,0.5,[1],0.4407007132679963,0.0,0.1362264829626199,0.0,0.3725874717866864,0.0
edgegnn_v2_self_only,reward_qnorm_lam_09,0.9,[1],0.35266543478389417,0.0,0.06323893607809586,0.0,0.2957503923136079,0.0
flat_mlp_shared_objective,reward_qnorm_lam_01,0.1,[1],0.5370887681102949,0.0,0.4270500423278937,0.0,0.49438376387750554,0.0
flat_mlp_shared_objective,reward_qnorm_lam_05,0.5,[1],0.4029082625119154,0.0,0.09324959691994908,0.0,0.3562834640519409,0.0
flat_mlp_shared_objective,reward_qnorm_lam_09,0.9,[1],0.37691922615136,0.0,0.050737841848538,0.0,0.3312551684876758,0.0
